﻿<?xml version="1.0" encoding="utf-8"?>
<deployment>
  <id>1b1c5a6aae6c4aa985f3041559f0ce71</id>
  <author>ms-azuretools-vscode</author>
  <deployer>ms-azuretools-vscode</deployer>
  <authorEmail>N/A</authorEmail>
  <message>Created via a push deployment</message>
  <progress></progress>
  <status>Success</status>
  <statusText></statusText>
  <lastSuccessEndTime>2025-12-04T05:41:16.259518Z</lastSuccessEndTime>
  <receivedTime>2025-12-04T05:41:10.3177652Z</receivedTime>
  <startTime>2025-12-04T05:41:10.4597888Z</startTime>
  <endTime>2025-12-04T05:41:16.259518Z</endTime>
  <complete>True</complete>
  <is_temp>False</is_temp>
  <is_readonly>True</is_readonly>
  <project_type>BASIC</project_type>
  <vsproject_id></vsproject_id>
</deployment>