{"TimeStamp":"2025-12-04T05:41:16Z","SiteName":"app-20251204-medsum","RequestId":"46f9fda4-3616-47e9-9c64-052ab4aa3496","Kind":"ms-azuretools-vscode","Status":"Success","Details":"{\"Id\":\"1b1c5a6aae6c4aa985f3041559f0ce71\",\"Status\":4,\"StatusText\":\"\",\"AuthorEmail\":\"N/A\",\"Author\":\"ms-azuretools-vscode\",\"Message\":\"Created via a push deployment\",\"Progress\":\"\",\"Deployer\":\"ms-azuretools-vscode\",\"ReceivedTime\":\"2025-12-04T05:41:10.3177652Z\",\"StartTime\":\"2025-12-04T05:41:10.4597888Z\",\"EndTime\":\"2025-12-04T05:41:16.259518Z\",\"LastSuccessEndTime\":\"2025-12-04T05:41:16.259518Z\",\"Complete\":true,\"IsTemporary\":false,\"IsReadOnly\":true,\"SiteName\":\"app-20251204-medsum\",\"HostName\":\"app-20251204-medsum.scm.azurewebsites.net\",\"ProjectType\":\"BASIC\",\"VsProjectId\":null}"}