<step title="BackgroundTrace" date="2025-12-04T05:41:03.536" instance="dda7cc" url="/api/zipdeploy" method="POST" >
  <step title="Updating shutdown sentinel last write time" date="2025-12-04T05:41:03.571" SemaphoreCount="7" /><!-- duration: 11ms -->
  <step title="LockFile &apos;C:\home\site\locks\deployments.lock&apos; acquired" date="2025-12-04T05:41:03.582" /><!-- duration: 0ms -->
  <step title="Creating temporary deployment" date="2025-12-04T05:41:03.582" /><!-- duration: 94ms -->
  <step title="Performing fetch based deployment" date="2025-12-04T05:41:03.692" >
    <step title="Fetching changes." date="2025-12-04T05:41:03.851" /><!-- duration: 13ms -->
    <step title="Starting LocalZipHandler" date="2025-12-04T05:41:03.880" /><!-- duration: 0ms -->
    <step title="Cleaning up temp folders from previous zip deployments and extracting pushed zip file C:\local\Temp\zipdeploy\4rhccpdb.zip (55.92 MB) to C:\local\Temp\zipdeploy\extracted" date="2025-12-04T05:41:03.911" /><!-- duration: 0ms -->
    <step title="Cleaning up temp folders from previous zip deployments and extracting pushed zip file C:\local\Temp\zipdeploy\4rhccpdb.zip (55.92 MB) to C:\local\Temp\zipdeploy\extracted" date="2025-12-04T05:41:03.911" >
      <step title="Extracting 92 entries to C:\local\Temp\zipdeploy\extracted directory" date="2025-12-04T05:41:03.958" >
        <step title="Extracting to C:\local\Temp\zipdeploy\extracted\Azure.Identity.dll ..." date="2025-12-04T05:41:03.958" /><!-- duration: 49ms -->
        <step title="Extracting to C:\local\Temp\zipdeploy\extracted\Microsoft.IdentityModel.Abstractions.dll ..." date="2025-12-04T05:41:04.020" /><!-- duration: 17ms -->
        <step title="Extracting to C:\local\Temp\zipdeploy\extracted\Microsoft.Identity.Client.Extensions.Msal.dll ..." date="2025-12-04T05:41:04.037" /><!-- duration: 14ms -->
        <step title="Extracting to C:\local\Temp\zipdeploy\extracted\Microsoft.Identity.Client.dll ..." date="2025-12-04T05:41:04.052" /><!-- duration: 36ms -->
        <step title="Extracting to C:\local\Temp\zipdeploy\extracted\Microsoft.Extensions.Logging.Abstractions.dll ..." date="2025-12-04T05:41:04.099" /><!-- duration: 31ms -->
        <step title="Omitting extracting file traces ..." date="2025-12-04T05:41:04.130" /><!-- duration: 18ms -->
        <step title="Extracting to C:\local\Temp\zipdeploy\extracted\runtimes\iossimulator-arm64\native\libMicrosoft.CognitiveServices.Speech.core.a ..." date="2025-12-04T05:41:09.196" /><!-- duration: 512ms -->
        <step title="Extracting to C:\local\Temp\zipdeploy\extracted\runtimes\android-arm64\native\libMicrosoft.CognitiveServices.Speech.extension.kws.so ..." date="2025-12-04T05:41:09.727" /><!-- duration: 12ms -->
        <step title="Extracting to C:\local\Temp\zipdeploy\extracted\runtimes\android-arm64\native\libMicrosoft.CognitiveServices.Speech.extension.kws.ort.so ..." date="2025-12-04T05:41:09.757" /><!-- duration: 80ms -->
        <step title="Extracting to C:\local\Temp\zipdeploy\extracted\runtimes\android-arm64\native\libMicrosoft.CognitiveServices.Speech.extension.audio.sys.so ..." date="2025-12-04T05:41:09.849" /><!-- duration: 19ms -->
        <step title="Extracting to C:\local\Temp\zipdeploy\extracted\runtimes\android-arm64\native\libMicrosoft.CognitiveServices.Speech.core.so ..." date="2025-12-04T05:41:09.880" /><!-- duration: 378ms -->
      </step><!-- duration: 6312ms -->
    </step><!-- duration: 6359ms -->
    <step title="Before sending BuildRequestReceived status to /api/updatedeploystatus" date="2025-12-04T05:41:10.270" /><!-- duration: 18ms -->
    <step title="DeploymentManager.Deploy(id:1b1c5a6aae6c4aa985f3041559f0ce71)" date="2025-12-04T05:41:10.288" >
      <step title="Collecting changeset information" date="2025-12-04T05:41:10.302" /><!-- duration: 31ms -->
      <step title="Updating submodules" date="2025-12-04T05:41:10.333" >
        <step title="Updating submodules." date="2025-12-04T05:41:10.381" /><!-- duration: 0ms -->
      </step><!-- duration: 48ms -->
      <step title="Preparing deployment for commit id &apos;1b1c5a6aae&apos;." date="2025-12-04T05:41:10.428" /><!-- duration: 0ms -->
      <step title="Determining deployment builder" date="2025-12-04T05:41:10.475" >
        <step title="Builder is BasicBuilder" date="2025-12-04T05:41:10.475" /><!-- duration: 0ms -->
      </step><!-- duration: 16ms -->
      <step title="Copying SSH keys" date="2025-12-04T05:41:10.506" /><!-- duration: 0ms -->
      <step title="Building" date="2025-12-04T05:41:10.506" >
        <step title="Generating deployment script." date="2025-12-04T05:41:10.553" /><!-- duration: 0ms -->
        <step title="Generating deployment script" date="2025-12-04T05:41:10.553" >
          <step title="Using the following command to generate deployment script: &apos;azure site deploymentscript -y --no-dot-deployment -r &quot;C:\local\Temp\zipdeploy\extracted&quot; -o &quot;C:\home\site\deployments\tools&quot; --basic --sitePath &quot;C:\local\Temp\zipdeploy\extracted&quot;&apos;." date="2025-12-04T05:41:10.678" /><!-- duration: 0ms -->
          <step title="Executing external process" date="2025-12-04T05:41:10.694" type="process" path="starter.cmd" arguments="&quot;C:\Program Files (x86)\SiteExtensions\Kudu\2025.09.1.1\bin\node_modules\.bin\kuduscript.cmd&quot; -y --no-dot-deployment -r &quot;C:\local\Temp\zipdeploy\extracted&quot; -o &quot;C:\home\site\deployments\tools&quot; --basic --sitePath &quot;C:\local\Temp\zipdeploy\extracted&quot;" >
            <step title="Generating deployment script for Web Site" date="2025-12-04T05:41:11.444" /><!-- duration: 0ms -->
          </step><!-- duration: 798ms -->
          <step title="Saved cached version of the deployment script for command -y --no-dot-deployment -r &quot;C:\local\Temp\zipdeploy\extracted&quot; -o &quot;C:\home\site\deployments\tools&quot; --basic --sitePath &quot;C:\local\Temp\zipdeploy\extracted&quot;" date="2025-12-04T05:41:11.522" /><!-- duration: 0ms -->
        </step><!-- duration: 984ms -->
        <step title="Running deployment command..." date="2025-12-04T05:41:11.569" /><!-- duration: 16ms -->
        <step title="Command: &quot;C:\home\site\deployments\tools\deploy.cmd&quot;" date="2025-12-04T05:41:11.584" /><!-- duration: 0ms -->
        <step title="Executing external process" date="2025-12-04T05:41:11.584" type="process" path="starter.cmd" arguments="&quot;C:\home\site\deployments\tools\deploy.cmd&quot;" >
          <step title="Handling Basic Web Site deployment." date="2025-12-04T05:41:12.100" /><!-- duration: 20ms -->
          <step title="Creating app_offline.htm" date="2025-12-04T05:41:12.819" /><!-- duration: 0ms -->
          <step title="KuduSync.NET from: &apos;C:\local\Temp\zipdeploy\extracted&apos; to: &apos;C:\home\site\wwwroot&apos;" date="2025-12-04T05:41:12.835" /><!-- duration: 0ms -->
          <step title="Deleting file: &apos;hostingstart.html&apos;" date="2025-12-04T05:41:12.835" /><!-- duration: 15ms -->
          <step title="Copying file: &apos;20251204-speech2text.deps.json&apos;" date="2025-12-04T05:41:12.897" /><!-- duration: 0ms -->
          <step title="Copying file: &apos;20251204-speech2text.dll&apos;" date="2025-12-04T05:41:12.912" /><!-- duration: 16ms -->
          <step title="Copying file: &apos;20251204-speech2text.exe&apos;" date="2025-12-04T05:41:12.928" /><!-- duration: 0ms -->
          <step title="Copying file: &apos;20251204-speech2text.pdb&apos;" date="2025-12-04T05:41:12.944" /><!-- duration: 0ms -->
          <step title="Copying file: &apos;20251204-speech2text.runtimeconfig.json&apos;" date="2025-12-04T05:41:12.959" /><!-- duration: 0ms -->
          <step title="Copying file: &apos;20251204-speech2text.staticwebassets.endpoints.json&apos;" date="2025-12-04T05:41:12.975" /><!-- duration: 16ms -->
          <step title="Copying file: &apos;appsettings.Development.json&apos;" date="2025-12-04T05:41:13.006" /><!-- duration: 0ms -->
          <step title="Copying file: &apos;appsettings.json&apos;" date="2025-12-04T05:41:13.022" /><!-- duration: 0ms -->
          <step title="Copying file: &apos;Azure.AI.Projects.dll&apos;" date="2025-12-04T05:41:13.037" /><!-- duration: 0ms -->
          <step title="Copying file: &apos;Azure.AI.Projects.OpenAI.dll&apos;" date="2025-12-04T05:41:13.086" /><!-- duration: 0ms -->
          <step title="Copying file: &apos;Azure.Core.dll&apos;" date="2025-12-04T05:41:13.100" /><!-- duration: 0ms -->
          <step title="Copying file: &apos;Azure.Identity.dll&apos;" date="2025-12-04T05:41:13.116" /><!-- duration: 0ms -->
          <step title="Copying file: &apos;Azure.Storage.Blobs.dll&apos;" date="2025-12-04T05:41:13.116" /><!-- duration: 16ms -->
          <step title="Copying file: &apos;Azure.Storage.Common.dll&apos;" date="2025-12-04T05:41:13.225" /><!-- duration: 16ms -->
          <step title="Copying file: &apos;Microsoft.Bcl.AsyncInterfaces.dll&apos;" date="2025-12-04T05:41:13.256" /><!-- duration: 16ms -->
          <step title="Copying file: &apos;Microsoft.CognitiveServices.Speech.csharp.dll&apos;" date="2025-12-04T05:41:13.287" /><!-- duration: 0ms -->
          <step title="Copying file: &apos;Microsoft.Extensions.DependencyInjection.Abstractions.dll&apos;" date="2025-12-04T05:41:13.287" /><!-- duration: 16ms -->
          <step title="Copying file: &apos;Microsoft.Extensions.Logging.Abstractions.dll&apos;" date="2025-12-04T05:41:13.416" /><!-- duration: 0ms -->
          <step title="Copying file: &apos;Microsoft.Identity.Client.dll&apos;" date="2025-12-04T05:41:13.494" /><!-- duration: 18ms -->
          <step title="Copying file: &apos;Microsoft.Identity.Client.Extensions.Msal.dll&apos;" date="2025-12-04T05:41:13.817" /><!-- duration: 16ms -->
          <step title="Copying file: &apos;Microsoft.IdentityModel.Abstractions.dll&apos;" date="2025-12-04T05:41:13.851" /><!-- duration: 310ms -->
          <step title="Copying file: &apos;OpenAI.dll&apos;" date="2025-12-04T05:41:14.177" /><!-- duration: 0ms -->
          <step title="Copying file: &apos;System.ClientModel.dll&apos;" date="2025-12-04T05:41:14.177" /><!-- duration: 250ms -->
          <step title="Copying file: &apos;System.IO.Hashing.dll&apos;" date="2025-12-04T05:41:14.552" /><!-- duration: 0ms -->
          <step title="Copying file: &apos;System.Memory.Data.dll&apos;" date="2025-12-04T05:41:14.583" /><!-- duration: 31ms -->
          <step title="Copying file: &apos;System.Net.ServerSentEvents.dll&apos;" date="2025-12-04T05:41:14.681" /><!-- duration: 30ms -->
          <step title="Copying file: &apos;System.Security.Cryptography.ProtectedData.dll&apos;" date="2025-12-04T05:41:14.741" /><!-- duration: 20ms -->
          <step title="Copying file: &apos;runtimes\android-arm\native\libMicrosoft.CognitiveServices.Speech.core.so&apos;" date="2025-12-04T05:41:14.771" /><!-- duration: 0ms -->
          <step title="Copying file: &apos;runtimes\android-arm\native\libMicrosoft.CognitiveServices.Speech.extension.audio.sys.so&apos;" date="2025-12-04T05:41:14.786" /><!-- duration: 0ms -->
          <step title="Copying file: &apos;runtimes\android-arm\native\libMicrosoft.CognitiveServices.Speech.extension.kws.ort.so&apos;" date="2025-12-04T05:41:14.802" /><!-- duration: 20ms -->
          <step title="Copying file: &apos;runtimes\android-arm\native\libMicrosoft.CognitiveServices.Speech.extension.kws.so&apos;" date="2025-12-04T05:41:14.822" /><!-- duration: 12ms -->
          <step title="Copying file: &apos;runtimes\android-arm64\native\libMicrosoft.CognitiveServices.Speech.core.so&apos;" date="2025-12-04T05:41:14.833" /><!-- duration: 0ms -->
          <step title="Copying file: &apos;runtimes\android-arm64\native\libMicrosoft.CognitiveServices.Speech.extension.audio.sys.so&apos;" date="2025-12-04T05:41:14.849" /><!-- duration: 0ms -->
          <step title="Copying file: &apos;runtimes\android-arm64\native\libMicrosoft.CognitiveServices.Speech.extension.kws.ort.so&apos;" date="2025-12-04T05:41:14.865" /><!-- duration: 0ms -->
          <step title="Copying file: &apos;runtimes\android-arm64\native\libMicrosoft.CognitiveServices.Speech.extension.kws.so&apos;" date="2025-12-04T05:41:14.880" /><!-- duration: 0ms -->
          <step title="Copying file: &apos;runtimes\android-x64\native\libMicrosoft.CognitiveServices.Speech.core.so&apos;" date="2025-12-04T05:41:14.896" /><!-- duration: 0ms -->
          <step title="Copying file: &apos;runtimes\android-x64\native\libMicrosoft.CognitiveServices.Speech.extension.audio.sys.so&apos;" date="2025-12-04T05:41:14.912" /><!-- duration: 0ms -->
          <step title="Copying file: &apos;runtimes\android-x64\native\libMicrosoft.CognitiveServices.Speech.extension.kws.ort.so&apos;" date="2025-12-04T05:41:14.927" /><!-- duration: 0ms -->
          <step title="Copying file: &apos;runtimes\android-x64\native\libMicrosoft.CognitiveServices.Speech.extension.kws.so&apos;" date="2025-12-04T05:41:14.927" /><!-- duration: 16ms -->
          <step title="Copying file: &apos;runtimes\android-x86\native\libMicrosoft.CognitiveServices.Speech.core.so&apos;" date="2025-12-04T05:41:14.943" /><!-- duration: 0ms -->
          <step title="Copying file: &apos;runtimes\android-x86\native\libMicrosoft.CognitiveServices.Speech.extension.audio.sys.so&apos;" date="2025-12-04T05:41:14.958" /><!-- duration: 0ms -->
          <step title="Copying file: &apos;runtimes\android-x86\native\libMicrosoft.CognitiveServices.Speech.extension.kws.ort.so&apos;" date="2025-12-04T05:41:14.974" /><!-- duration: 0ms -->
          <step title="Copying file: &apos;runtimes\android-x86\native\libMicrosoft.CognitiveServices.Speech.extension.kws.so&apos;" date="2025-12-04T05:41:15.083" /><!-- duration: 31ms -->
          <step title="Copying file: &apos;runtimes\ios-arm64\native\libMicrosoft.CognitiveServices.Speech.core.a&apos;" date="2025-12-04T05:41:15.272" /><!-- duration: 218ms -->
          <step title="Copying file: &apos;runtimes\iossimulator-arm64\native\libMicrosoft.CognitiveServices.Speech.core.a&apos;" date="2025-12-04T05:41:15.583" /><!-- duration: 31ms -->
          <step title="Copying file: &apos;runtimes\iossimulator-x64\native\libMicrosoft.CognitiveServices.Speech.core.a&apos;" date="2025-12-04T05:41:15.677" /><!-- duration: 0ms -->
          <step title="Copying file: &apos;runtimes\linux-arm\lib\netstandard2.0\Microsoft.CognitiveServices.Speech.csharp.dll&apos;" date="2025-12-04T05:41:15.694" /><!-- duration: 14ms -->
          <step title="Omitting next output lines..." date="2025-12-04T05:41:15.724" /><!-- duration: 0ms -->
          <step title="Finished successfully." date="2025-12-04T05:41:16.069" /><!-- duration: 17ms -->
        </step><!-- duration: 4502ms -->
        <step title="Running post deployment command(s)..." date="2025-12-04T05:41:16.131" /><!-- duration: 0ms -->
        <step title="Triggering recycle (preview mode disabled)." date="2025-12-04T05:41:16.195" /><!-- duration: 0ms -->
        <step title="Ignoring FS watcher based recycle request as this is a classic Windows app." date="2025-12-04T05:41:16.195" /><!-- duration: 15ms -->
        <step title="Deployment successful. DEPLOYMENTINFO: deploymentPath = ZipDeploy. Extract zip. , deployer = ms-azuretools-vscode, os = windows, sku = Basic, siteName = app-20251204-medsum, siteHostName = app-20251204-medsum.azurewebsites.net, deploymentStatus = Success" date="2025-12-04T05:41:16.241" /><!-- duration: 0ms -->
      </step><!-- duration: 5941ms -->
    </step><!-- duration: 6179ms -->
    <step title="Cleaning up temp files" date="2025-12-04T05:41:16.478" /><!-- duration: 31ms -->
    <step title="Skip function trigger and logicapp sync because function is not enabled." date="2025-12-04T05:41:16.527" /><!-- duration: 0ms -->
  </step><!-- duration: 12911ms -->
  <step title="LockFile &apos;C:\home\site\locks\deployments.lock&apos; released" date="2025-12-04T05:41:16.603" /><!-- duration: 0ms -->
  <step title="Deleting shutdown sentinel file" date="2025-12-04T05:41:16.603" SemaphoreCount="8" /><!-- duration: 16ms -->
</step><!-- duration: 13083ms -->
