<step title="Incoming Request" date="2025-12-04T05:40:57.569" instance="dda7cc" url="/api/zipdeploy?author=ms-azuretools-vscode&amp;deployer=ms-azuretools-vscode&amp;isAsync=true&amp;trackDeploymentId=true" method="POST" type="request" pid="5776,2,14" Transfer-Encoding="chunked" Accept-Encoding="gzip,deflate" Accept-Language="ja" Authorization="Bea..." Host="app-20251204-medsum.scm.azurewebsites.net" User-Agent="vscode-azureappservice/0.26.4 core-rest-pipeline/1.20.0 Node/22.20.0 OS/(x64-Windows_NT-10.0.26200)" x-ms-client-request-id="46f9fda4-3616-47e9-9c64-052ab4aa3496" X-ARR-LOG-ID="46f9fda4-3616-47e9-9c64-052ab4aa3496" CLIENT-IP="20.107.5.167:1352" X-SITE-DEPLOYMENT-ID="app-20251204-medsum" WAS-DEFAULT-HOSTNAME="app-20251204-medsum.scm.azurewebsites.net" X-Forwarded-Proto="https" X-AppService-Proto="https" X-Forwarded-TlsVersion="1.3" X-WAWS-Unencoded-URL="/api/zipdeploy?author=ms-azuretools-vscode&amp;deployer=ms-azuretools-vscode&amp;isAsync=true&amp;trackDeploymentId=true" >
  <step title="Cleanup Xml Logs" date="2025-12-04T05:40:57.584" /><!-- duration: 0ms -->
  <step title="ZipPushDeploy" date="2025-12-04T05:40:57.727" >
    <step title="ZipDeploy. Extract zip. " date="2025-12-04T05:40:57.788" /><!-- duration: 16ms -->
    <step title="Starting PushDeployAsync" date="2025-12-04T05:40:57.803" /><!-- duration: 16ms -->
    <step title="Updating shutdown sentinel last write time" date="2025-12-04T05:40:57.948" SemaphoreCount="7" /><!-- duration: 12ms -->
    <step title="LockFile &apos;C:\home\site\locks\deployments.lock&apos; acquired" date="2025-12-04T05:40:57.991" /><!-- duration: 0ms -->
    <step title="Saving request content to C:\local\Temp\zipdeploy\4rhccpdb.zip" date="2025-12-04T05:40:57.991" >
      <step title="Total 58,632,931 bytes written to C:\local\Temp\zipdeploy\4rhccpdb.zip" date="2025-12-04T05:41:03.473" /><!-- duration: 16ms -->
    </step><!-- duration: 5498ms -->
    <step title="LockFile &apos;C:\home\site\locks\deployments.lock&apos; released" date="2025-12-04T05:41:03.489" /><!-- duration: 16ms -->
    <step title="Deleting shutdown sentinel file" date="2025-12-04T05:41:03.504" SemaphoreCount="8" /><!-- duration: 0ms -->
    <step title="Starting FetchDeploy" date="2025-12-04T05:41:03.520" /><!-- duration: 0ms -->
    <step title="Start deployment in the background" date="2025-12-04T05:41:03.536" /><!-- duration: 157ms -->
  </step><!-- duration: 5996ms -->
  <step title="Outgoing response" date="2025-12-04T05:41:03.761" type="response" statusCode="202" statusText="Accepted" Server="Microsoft-IIS/10.0" x-ms-request-id="46f9fda4-3616-47e9-9c64-052ab4aa3496" Retry-After="30" Cache-Control="private" X-AspNet-Version="4.0.30319" Location="https://app-20251204-medsum.scm.azurewebsites.net/api/deployments/latest?deployer=ms-azuretools-vscode&amp;time=2025-12-04_05-41-03Z" /><!-- duration: 10ms -->
</step><!-- duration: 6203ms -->
